{
  "Leaderboard": {
    "Adrian": {
      "score": 8450,
      "time": 0
    },
    "Angy": {
      "score": 7500,
      "time": 0
    },
    "BeatriceBeatrice": {
      "score": 900,
      "time": 5.07363866666649
    },
    "Carciofo": {
      "score": 3850,
      "time": 0
    },
    "Cat": {
      "score": 8600,
      "time": 0.417449999999522
    },
    "ChadoChado": {
      "score": 3850,
      "time": 2.5743126666666
    },
    "DanyAlwe": {
      "score": 4750,
      "time": 0
    },
    "Dekros": {
      "score": 6850,
      "time": 1.01666666666652
    },
    "Djuseppe": {
      "score": 4750,
      "time": 0
    },
    "Edo": {
      "score": 6800,
      "time": 0
    },
    "Epstein": {
      "score": 8050,
      "time": 0.722446666666506
    },
    "Excl": {
      "score": 6500,
      "time": 1.18333333333319
    },
    "Fede": {
      "score": 7300,
      "time": 0.374031999999845
    },
    "Franco": {
      "score": 8700,
      "time": 0
    },
    "Friska": {
      "score": 4950,
      "time": 0.717207999999851
    },
    "Frobby": {
      "score": 6050,
      "time": 0.614938666666317
    },
    "GUMIRO": {
      "score": 8200,
      "time": 0
    },
    "Gab05": {
      "score": 2000,
      "time": 0.131094000000031
    },
    "Hasax": {
      "score": 8650,
      "time": 0
    },
    "Heva": {
      "score": 4150,
      "time": 4.14675366666652
    },
    "Jackal": {
      "score": 3300,
      "time": 2.80068799999952
    },
    "KaizokuX": {
      "score": 5950,
      "time": 0
    },
    "Lo Bosco": {
      "score": 5850,
      "time": 0
    },
    "LoverLove r": {
      "score": 4000,
      "time": 0
    },
    "MAOMETTO": {
      "score": 9400,
      "time": 0
    },
    "Maionese": {
      "score": 8850,
      "time": 0.136727999999876
    },
    "Maior": {
      "score": 9200,
      "time": 1.48064933333313
    },
    "Manuelchibi": {
      "score": 4650,
      "time": 0
    },
    "MrRayon": {
      "score": 4600,
      "time": 0
    },
    "Nibb": {
      "score": 6300,
      "time": 0
    },
    "NicoDome": {
      "score": 7600,
      "time": 0
    },
    "Nikklo": {
      "score": 10900,
      "time": 0
    },
    "ParaMarco": {
      "score": 7400,
      "time": 0
    },
    "R": {
      "score": 3400,
      "time": 0
    },
    "Roberts": {
      "score": 8500,
      "time": 0.249999999999854
    },
    "SLINE": {
      "score": 5900,
      "time": 0
    },
    "Sciarcan": {
      "score": 8500,
      "time": 0.145437666666668
    },
    "Shadow": {
      "score": 5500,
      "time": 0
    },
    "Swag": {
      "score": 7900,
      "time": 0
    },
    "UomoNelmirino": {
      "score": 8550,
      "time": 0
    },
    "VN": {
      "score": 3100,
      "time": 0
    },
    "Vactro": {
      "score": 2400,
      "time": 8.75017933333319
    },
    "Wafone": {
      "score": 5800,
      "time": 2.49849566666646
    },
    "Y": {
      "N": {
        "score": 3650,
        "time": 0.119502666666495
      }
    },
    "Zobbé": {
      "score": 2550,
      "time": 0.651833333333168
    },
    "a": {
      "score": 950,
      "time": 7.65132833333315
    },
    "alessio": {
      "score": 3050,
      "time": 0.657163999999836
    },
    "aurelio": {
      "score": 4750,
      "time": 0
    },
    "cat": {
      "score": 5800,
      "time": 0
    },
    "cha": {
      "score": 7750,
      "time": 0
    },
    "cico": {
      "score": 3750,
      "time": 0
    },
    "cristianix": {
      "score": 6550,
      "time": 0
    },
    "edo": {
      "score": 8000,
      "time": 0
    },
    "erPaciocco": {
      "score": 6750,
      "time": 1.58360066666651
    },
    "evil panella": {
      "score": 3500,
      "time": 0
    },
    "inga": {
      "score": 8300,
      "time": 0
    },
    "jack": {
      "score": 3500,
      "time": 0
    },
    "ju": {
      "score": 4300,
      "time": 0.450876666666187
    },
    "komachipanko": {
      "score": 8150,
      "time": 0
    },
    "krasto": {
      "score": 950,
      "time": 7.65132833333315
    },
    "lemon": {
      "score": 5250,
      "time": 0
    },
    "lollo": {
      "score": 4150,
      "time": 0
    },
    "n1tr0x": {
      "score": 9300,
      "time": 0
    },
    "popi": {
      "score": 10550,
      "time": 0
    },
    "qwe": {
      "score": 6250,
      "time": 0
    },
    "ricky3": {
      "score": 7100,
      "time": 0
    },
    "robz": {
      "score": 9500,
      "time": 0.750769999999522
    },
    "shadow": {
      "score": 6750,
      "time": 0
    },
    "teo": {
      "score": 7750,
      "time": 0
    },
    "umas": {
      "score": 7000,
      "time": 0
    }
  }
}